flight_no,departure_city,depart_latitude,depart_longitude,arrival_city,arrive_latitude,arrive_longitude,plane_model,fuel_per_hour,fuel_cost,economy_seats,economy_seats_bought,economy_total_amount,business_seats,business_seats_bought,business_total_amount,total_seats,total_seats_bought,total_amount,scheduled_minutes_in_flight,actual_minutes_in_flight,minutes_of_delay,total_fuel_costs,total_profit
PG0194,Anapa,45.002101898193,37.347301483154,Novokuznetsk,53.8114013671875,86.877197265625,Boeing 737-300,2.4,37860,118,,,12,,,130,,,305.0,303.0,3.0,613931.45,
PG0194,Anapa,45.002101898193,37.347301483154,Novokuznetsk,53.8114013671875,86.877197265625,Boeing 737-300,2.4,37860,118,,,12,,,130,,,305.0,312.0,4.0,613931.45,
PG0194,Anapa,45.002101898193,37.347301483154,Novokuznetsk,53.8114013671875,86.877197265625,Boeing 737-300,2.4,37860,118,,,12,,,130,,,305.0,305.0,3.0,613931.45,
PG0194,Anapa,45.002101898193,37.347301483154,Novokuznetsk,53.8114013671875,86.877197265625,Boeing 737-300,2.4,37860,118,,,12,,,130,,,305.0,304.0,3.0,613931.45,
PG0194,Anapa,45.002101898193,37.347301483154,Novokuznetsk,53.8114013671875,86.877197265625,Boeing 737-300,2.4,37860,118,,,12,,,130,,,305.0,311.0,2.0,613931.45,
PG0194,Anapa,45.002101898193,37.347301483154,Novokuznetsk,53.8114013671875,86.877197265625,Boeing 737-300,2.4,37860,118,,,12,,,130,,,305.0,310.0,5.0,613931.45,
PG0194,Anapa,45.002101898193,37.347301483154,Novokuznetsk,53.8114013671875,86.877197265625,Boeing 737-300,2.4,37860,118,,,12,,,130,,,305.0,310.0,3.0,613931.45,
PG0194,Anapa,45.002101898193,37.347301483154,Novokuznetsk,53.8114013671875,86.877197265625,Boeing 737-300,2.4,37860,118,,,12,,,130,,,305.0,302.0,3.0,613931.45,
PG0194,Anapa,45.002101898193,37.347301483154,Novokuznetsk,53.8114013671875,86.877197265625,Boeing 737-300,2.4,37860,118,,,12,,,130,,,305.0,304.0,0.0,613931.45,
PG0194,Anapa,45.002101898193,37.347301483154,Novokuznetsk,53.8114013671875,86.877197265625,Boeing 737-300,2.4,37860,118,,,12,,,130,,,305.0,307.0,4.0,613931.45,
PG0194,Anapa,45.002101898193,37.347301483154,Novokuznetsk,53.8114013671875,86.877197265625,Boeing 737-300,2.4,37860,118,,,12,,,130,,,305.0,305.0,6.0,613931.45,
PG0194,Anapa,45.002101898193,37.347301483154,Novokuznetsk,53.8114013671875,86.877197265625,Boeing 737-300,2.4,37860,118,,,12,,,130,,,305.0,299.0,4.0,613931.45,
PG0194,Anapa,45.002101898193,37.347301483154,Novokuznetsk,53.8114013671875,86.877197265625,Boeing 737-300,2.4,37860,118,,,12,,,130,,,305.0,304.0,3.0,613931.45,
PG0252,Anapa,45.002101898193,37.347301483154,Moscow,55.972599,37.4146,Boeing 737-300,2.4,37860,118,118,1446800.00,12,12,439200.00,130,130,1886000.00,100.0,100.0,3.0,201289.0,1684711.0
PG0252,Anapa,45.002101898193,37.347301483154,Moscow,55.972599,37.4146,Boeing 737-300,2.4,37860,118,118,1446800.00,12,12,439200.00,130,130,1886000.00,100.0,100.0,2.0,201289.0,1684711.0
PG0252,Anapa,45.002101898193,37.347301483154,Moscow,55.972599,37.4146,Boeing 737-300,2.4,37860,118,118,1446800.00,12,12,439200.00,130,130,1886000.00,100.0,100.0,2.0,201289.0,1684711.0
PG0252,Anapa,45.002101898193,37.347301483154,Moscow,55.972599,37.4146,Boeing 737-300,2.4,37860,118,118,1446800.00,12,12,439200.00,130,130,1886000.00,100.0,102.0,0.0,201289.0,1684711.0
PG0252,Anapa,45.002101898193,37.347301483154,Moscow,55.972599,37.4146,Boeing 737-300,2.4,37860,118,118,1446800.00,12,12,439200.00,130,130,1886000.00,100.0,98.0,1.0,201289.0,1684711.0
PG0252,Anapa,45.002101898193,37.347301483154,Moscow,55.972599,37.4146,Boeing 737-300,2.4,37860,118,117,1434600.00,12,12,439200.00,130,129,1873800.00,100.0,99.0,1.0,201289.0,1672511.0
PG0252,Anapa,45.002101898193,37.347301483154,Moscow,55.972599,37.4146,Boeing 737-300,2.4,37860,118,117,1434600.00,12,12,439200.00,130,129,1873800.00,100.0,100.0,1.0,201289.0,1672511.0
PG0252,Anapa,45.002101898193,37.347301483154,Moscow,55.972599,37.4146,Boeing 737-300,2.4,37860,118,117,1434600.00,12,12,439200.00,130,129,1873800.00,100.0,100.0,5.0,201289.0,1672511.0
PG0252,Anapa,45.002101898193,37.347301483154,Moscow,55.972599,37.4146,Boeing 737-300,2.4,37860,118,117,1434600.00,12,12,439200.00,130,129,1873800.00,100.0,100.0,4.0,201289.0,1672511.0
PG0252,Anapa,45.002101898193,37.347301483154,Moscow,55.972599,37.4146,Boeing 737-300,2.4,37860,118,116,1422400.00,12,12,439200.00,130,128,1861600.00,100.0,100.0,5.0,201289.0,1660311.0
PG0252,Anapa,45.002101898193,37.347301483154,Moscow,55.972599,37.4146,Boeing 737-300,2.4,37860,118,116,1422400.00,12,12,439200.00,130,128,1861600.00,100.0,99.0,5.0,201289.0,1660311.0
PG0252,Anapa,45.002101898193,37.347301483154,Moscow,55.972599,37.4146,Boeing 737-300,2.4,37860,118,116,1422400.00,12,12,439200.00,130,128,1861600.00,100.0,100.0,1.0,201289.0,1660311.0
PG0252,Anapa,45.002101898193,37.347301483154,Moscow,55.972599,37.4146,Boeing 737-300,2.4,37860,118,118,1446800.00,12,11,402600.00,130,129,1849400.00,100.0,100.0,7.0,201289.0,1648111.0
PG0252,Anapa,45.002101898193,37.347301483154,Moscow,55.972599,37.4146,Boeing 737-300,2.4,37860,118,117,1434600.00,12,11,402600.00,130,128,1837200.00,100.0,100.0,2.0,201289.0,1635911.0
PG0252,Anapa,45.002101898193,37.347301483154,Moscow,55.972599,37.4146,Boeing 737-300,2.4,37860,118,113,1385800.00,12,12,439200.00,130,125,1825000.00,100.0,98.0,3.0,201289.0,1623711.0
PG0252,Anapa,45.002101898193,37.347301483154,Moscow,55.972599,37.4146,Boeing 737-300,2.4,37860,118,113,1384600.00,12,12,439200.00,130,125,1823800.00,100.0,101.0,1.0,201289.0,1622511.0
PG0252,Anapa,45.002101898193,37.347301483154,Moscow,55.972599,37.4146,Boeing 737-300,2.4,37860,118,112,1373600.00,12,12,439200.00,130,124,1812800.00,100.0,99.0,2.0,201289.0,1611511.0
PG0252,Anapa,45.002101898193,37.347301483154,Moscow,55.972599,37.4146,Boeing 737-300,2.4,37860,118,112,1372400.00,12,12,439200.00,130,124,1811600.00,100.0,99.0,3.0,201289.0,1610311.0
PG0252,Anapa,45.002101898193,37.347301483154,Moscow,55.972599,37.4146,Boeing 737-300,2.4,37860,118,111,1361400.00,12,12,439200.00,130,123,1800600.00,100.0,98.0,3.0,201289.0,1599311.0
PG0252,Anapa,45.002101898193,37.347301483154,Moscow,55.972599,37.4146,Boeing 737-300,2.4,37860,118,110,1349200.00,12,12,439200.00,130,122,1788400.00,100.0,99.0,1.0,201289.0,1587111.0
PG0252,Anapa,45.002101898193,37.347301483154,Moscow,55.972599,37.4146,Boeing 737-300,2.4,37860,118,109,1335800.00,12,12,439200.00,130,121,1775000.00,100.0,99.0,3.0,201289.0,1573711.0
PG0252,Anapa,45.002101898193,37.347301483154,Moscow,55.972599,37.4146,Boeing 737-300,2.4,37860,118,108,1323600.00,12,12,439200.00,130,120,1762800.00,100.0,100.0,0.0,201289.0,1561511.0
PG0252,Anapa,45.002101898193,37.347301483154,Moscow,55.972599,37.4146,Boeing 737-300,2.4,37860,118,108,1323600.00,12,12,439200.00,130,120,1762800.00,100.0,100.0,6.0,201289.0,1561511.0
PG0252,Anapa,45.002101898193,37.347301483154,Moscow,55.972599,37.4146,Boeing 737-300,2.4,37860,118,110,1349200.00,12,11,402600.00,130,121,1751800.00,100.0,101.0,1.0,201289.0,1550511.0
PG0252,Anapa,45.002101898193,37.347301483154,Moscow,55.972599,37.4146,Boeing 737-300,2.4,37860,118,109,1335800.00,12,11,402600.00,130,120,1738400.00,100.0,99.0,2.0,201289.0,1537111.0
PG0252,Anapa,45.002101898193,37.347301483154,Moscow,55.972599,37.4146,Boeing 737-300,2.4,37860,118,112,1372400.00,12,10,366000.00,130,122,1738400.00,100.0,99.0,3.0,201289.0,1537111.0
PG0252,Anapa,45.002101898193,37.347301483154,Moscow,55.972599,37.4146,Boeing 737-300,2.4,37860,118,104,1274800.00,12,12,439200.00,130,116,1714000.00,100.0,99.0,4.0,201289.0,1512711.0
PG0252,Anapa,45.002101898193,37.347301483154,Moscow,55.972599,37.4146,Boeing 737-300,2.4,37860,118,107,1309000.00,12,11,402600.00,130,118,1711600.00,100.0,100.0,3.0,201289.0,1510311.0
PG0252,Anapa,45.002101898193,37.347301483154,Moscow,55.972599,37.4146,Boeing 737-300,2.4,37860,118,106,1300400.00,12,11,402600.00,130,117,1703000.00,100.0,99.0,3.0,201289.0,1501711.0
PG0252,Anapa,45.002101898193,37.347301483154,Moscow,55.972599,37.4146,Boeing 737-300,2.4,37860,118,106,1299200.00,12,11,402600.00,130,117,1701800.00,100.0,100.0,3.0,201289.0,1500511.0
PG0252,Anapa,45.002101898193,37.347301483154,Moscow,55.972599,37.4146,Boeing 737-300,2.4,37860,118,103,1261400.00,12,12,439200.00,130,115,1700600.00,100.0,98.0,2.0,201289.0,1499311.0
PG0252,Anapa,45.002101898193,37.347301483154,Moscow,55.972599,37.4146,Boeing 737-300,2.4,37860,118,105,1288200.00,12,11,402600.00,130,116,1690800.00,100.0,100.0,2.0,201289.0,1489511.0
PG0252,Anapa,45.002101898193,37.347301483154,Moscow,55.972599,37.4146,Boeing 737-300,2.4,37860,118,108,1324800.00,12,10,366000.00,130,118,1690800.00,100.0,100.0,3.0,201289.0,1489511.0
PG0252,Anapa,45.002101898193,37.347301483154,Moscow,55.972599,37.4146,Boeing 737-300,2.4,37860,118,102,1250400.00,12,12,439200.00,130,114,1689600.00,100.0,99.0,4.0,201289.0,1488311.0
PG0252,Anapa,45.002101898193,37.347301483154,Moscow,55.972599,37.4146,Boeing 737-300,2.4,37860,118,108,1323600.00,12,10,366000.00,130,118,1689600.00,100.0,99.0,0.0,201289.0,1488311.0
PG0252,Anapa,45.002101898193,37.347301483154,Moscow,55.972599,37.4146,Boeing 737-300,2.4,37860,118,107,1312600.00,12,10,366000.00,130,117,1678600.00,100.0,99.0,2.0,201289.0,1477311.0
PG0252,Anapa,45.002101898193,37.347301483154,Moscow,55.972599,37.4146,Boeing 737-300,2.4,37860,118,104,1276000.00,12,11,402600.00,130,115,1678600.00,100.0,99.0,3.0,201289.0,1477311.0
PG0252,Anapa,45.002101898193,37.347301483154,Moscow,55.972599,37.4146,Boeing 737-300,2.4,37860,118,104,1276000.00,12,11,402600.00,130,115,1678600.00,100.0,100.0,3.0,201289.0,1477311.0
PG0252,Anapa,45.002101898193,37.347301483154,Moscow,55.972599,37.4146,Boeing 737-300,2.4,37860,118,107,1311400.00,12,10,366000.00,130,117,1677400.00,100.0,101.0,2.0,201289.0,1476111.0
PG0252,Anapa,45.002101898193,37.347301483154,Moscow,55.972599,37.4146,Boeing 737-300,2.4,37860,118,104,1273600.00,12,11,402600.00,130,115,1676200.00,100.0,101.0,3.0,201289.0,1474911.0
PG0252,Anapa,45.002101898193,37.347301483154,Moscow,55.972599,37.4146,Boeing 737-300,2.4,37860,118,109,1337000.00,12,9,329400.00,130,118,1666400.00,100.0,101.0,4.0,201289.0,1465111.0
PG0252,Anapa,45.002101898193,37.347301483154,Moscow,55.972599,37.4146,Boeing 737-300,2.4,37860,118,103,1261400.00,12,11,402600.00,130,114,1664000.00,100.0,100.0,4.0,201289.0,1462711.0
PG0252,Anapa,45.002101898193,37.347301483154,Moscow,55.972599,37.4146,Boeing 737-300,2.4,37860,118,108,1324800.00,12,9,329400.00,130,117,1654200.00,100.0,100.0,2.0,201289.0,1452911.0
PG0252,Anapa,45.002101898193,37.347301483154,Moscow,55.972599,37.4146,Boeing 737-300,2.4,37860,118,102,1250400.00,12,11,402600.00,130,113,1653000.00,100.0,101.0,3.0,201289.0,1451711.0
PG0252,Anapa,45.002101898193,37.347301483154,Moscow,55.972599,37.4146,Boeing 737-300,2.4,37860,118,107,1312600.00,12,9,329400.00,130,116,1642000.00,100.0,100.0,2.0,201289.0,1440711.0
PG0252,Anapa,45.002101898193,37.347301483154,Moscow,55.972599,37.4146,Boeing 737-300,2.4,37860,118,100,1226000.00,12,11,402600.00,130,111,1628600.00,100.0,99.0,7.0,201289.0,1427311.0
PG0252,Anapa,45.002101898193,37.347301483154,Moscow,55.972599,37.4146,Boeing 737-300,2.4,37860,118,100,1226000.00,12,11,402600.00,130,111,1628600.00,100.0,100.0,4.0,201289.0,1427311.0
PG0252,Anapa,45.002101898193,37.347301483154,Moscow,55.972599,37.4146,Boeing 737-300,2.4,37860,118,99,1215000.00,12,11,402600.00,130,110,1617600.00,100.0,99.0,0.0,201289.0,1416311.0
PG0252,Anapa,45.002101898193,37.347301483154,Moscow,55.972599,37.4146,Boeing 737-300,2.4,37860,118,102,1249200.00,12,10,366000.00,130,112,1615200.00,100.0,100.0,4.0,201289.0,1413911.0
PG0252,Anapa,45.002101898193,37.347301483154,Moscow,55.972599,37.4146,Boeing 737-300,2.4,37860,118,98,1202800.00,12,11,402600.00,130,109,1605400.00,100.0,100.0,8.0,201289.0,1404111.0
PG0252,Anapa,45.002101898193,37.347301483154,Moscow,55.972599,37.4146,Boeing 737-300,2.4,37860,118,98,1202800.00,12,11,402600.00,130,109,1605400.00,100.0,99.0,2.0,201289.0,1404111.0
PG0252,Anapa,45.002101898193,37.347301483154,Moscow,55.972599,37.4146,Boeing 737-300,2.4,37860,118,98,1201600.00,12,11,402600.00,130,109,1604200.00,100.0,100.0,3.0,201289.0,1402911.0
PG0252,Anapa,45.002101898193,37.347301483154,Moscow,55.972599,37.4146,Boeing 737-300,2.4,37860,118,98,1200400.00,12,11,402600.00,130,109,1603000.00,100.0,100.0,3.0,201289.0,1401711.0
PG0252,Anapa,45.002101898193,37.347301483154,Moscow,55.972599,37.4146,Boeing 737-300,2.4,37860,118,98,1200400.00,12,11,402600.00,130,109,1603000.00,100.0,102.0,3.0,201289.0,1401711.0
PG0252,Anapa,45.002101898193,37.347301483154,Moscow,55.972599,37.4146,Boeing 737-300,2.4,37860,118,100,1224800.00,12,10,366000.00,130,110,1590800.00,100.0,100.0,1.0,201289.0,1389511.0
PG0252,Anapa,45.002101898193,37.347301483154,Moscow,55.972599,37.4146,Boeing 737-300,2.4,37860,118,101,1239400.00,12,9,329400.00,130,110,1568800.00,100.0,99.0,2.0,201289.0,1367511.0
PG0252,Anapa,45.002101898193,37.347301483154,Moscow,55.972599,37.4146,Boeing 737-300,2.4,37860,118,98,1201600.00,12,10,366000.00,130,108,1567600.00,100.0,101.0,6.0,201289.0,1366311.0
PG0252,Anapa,45.002101898193,37.347301483154,Moscow,55.972599,37.4146,Boeing 737-300,2.4,37860,118,101,1238200.00,12,9,329400.00,130,110,1567600.00,100.0,101.0,6.0,201289.0,1366311.0
PG0252,Anapa,45.002101898193,37.347301483154,Moscow,55.972599,37.4146,Boeing 737-300,2.4,37860,118,101,1238200.00,12,9,329400.00,130,110,1567600.00,100.0,101.0,2.0,201289.0,1366311.0
PG0252,Anapa,45.002101898193,37.347301483154,Moscow,55.972599,37.4146,Boeing 737-300,2.4,37860,118,98,1200400.00,12,10,366000.00,130,108,1566400.00,100.0,100.0,3.0,201289.0,1365111.0
PG0252,Anapa,45.002101898193,37.347301483154,Moscow,55.972599,37.4146,Boeing 737-300,2.4,37860,118,97,1190600.00,12,10,366000.00,130,107,1556600.00,100.0,99.0,2.0,201289.0,1355311.0
PG0252,Anapa,45.002101898193,37.347301483154,Moscow,55.972599,37.4146,Boeing 737-300,2.4,37860,118,97,1190600.00,12,10,366000.00,130,107,1556600.00,100.0,100.0,3.0,201289.0,1355311.0
PG0252,Anapa,45.002101898193,37.347301483154,Moscow,55.972599,37.4146,Boeing 737-300,2.4,37860,118,94,1152800.00,12,11,402600.00,130,105,1555400.00,100.0,100.0,8.0,201289.0,1354111.0
PG0252,Anapa,45.002101898193,37.347301483154,Moscow,55.972599,37.4146,Boeing 737-300,2.4,37860,118,94,1151600.00,12,11,402600.00,130,105,1554200.00,100.0,100.0,1.0,201289.0,1352911.0
PG0252,Anapa,45.002101898193,37.347301483154,Moscow,55.972599,37.4146,Boeing 737-300,2.4,37860,118,97,1188200.00,12,10,366000.00,130,107,1554200.00,100.0,102.0,1.0,201289.0,1352911.0
PG0252,Anapa,45.002101898193,37.347301483154,Moscow,55.972599,37.4146,Boeing 737-300,2.4,37860,118,96,1178400.00,12,10,366000.00,130,106,1544400.00,100.0,100.0,0.0,201289.0,1343111.0
PG0252,Anapa,45.002101898193,37.347301483154,Moscow,55.972599,37.4146,Boeing 737-300,2.4,37860,118,93,1141800.00,12,11,402600.00,130,104,1544400.00,100.0,102.0,2.0,201289.0,1343111.0
PG0252,Anapa,45.002101898193,37.347301483154,Moscow,55.972599,37.4146,Boeing 737-300,2.4,37860,118,99,1213800.00,12,9,329400.00,130,108,1543200.00,100.0,100.0,7.0,201289.0,1341911.0
PG0252,Anapa,45.002101898193,37.347301483154,Moscow,55.972599,37.4146,Boeing 737-300,2.4,37860,118,93,1139400.00,12,11,402600.00,130,104,1542000.00,100.0,98.0,4.0,201289.0,1340711.0
PG0252,Anapa,45.002101898193,37.347301483154,Moscow,55.972599,37.4146,Boeing 737-300,2.4,37860,118,92,1124800.00,12,11,402600.00,130,103,1527400.00,100.0,99.0,3.0,201289.0,1326111.0
PG0252,Anapa,45.002101898193,37.347301483154,Moscow,55.972599,37.4146,Boeing 737-300,2.4,37860,118,97,1190600.00,12,9,329400.00,130,106,1520000.00,100.0,100.0,2.0,201289.0,1318711.0
PG0252,Anapa,45.002101898193,37.347301483154,Moscow,55.972599,37.4146,Boeing 737-300,2.4,37860,118,94,1154000.00,12,10,366000.00,130,104,1520000.00,100.0,103.0,1.0,201289.0,1318711.0
PG0252,Anapa,45.002101898193,37.347301483154,Moscow,55.972599,37.4146,Boeing 737-300,2.4,37860,118,97,1189400.00,12,9,329400.00,130,106,1518800.00,100.0,101.0,2.0,201289.0,1317511.0
PG0252,Anapa,45.002101898193,37.347301483154,Moscow,55.972599,37.4146,Boeing 737-300,2.4,37860,118,91,1115000.00,12,11,402600.00,130,102,1517600.00,100.0,101.0,0.0,201289.0,1316311.0
PG0252,Anapa,45.002101898193,37.347301483154,Moscow,55.972599,37.4146,Boeing 737-300,2.4,37860,118,100,1224800.00,12,8,292800.00,130,108,1517600.00,100.0,100.0,207.0,201289.0,1316311.0
PG0252,Anapa,45.002101898193,37.347301483154,Moscow,55.972599,37.4146,Boeing 737-300,2.4,37860,118,99,1212600.00,12,8,292800.00,130,107,1505400.00,100.0,101.0,2.0,201289.0,1304111.0
PG0252,Anapa,45.002101898193,37.347301483154,Moscow,55.972599,37.4146,Boeing 737-300,2.4,37860,118,93,1139400.00,12,10,366000.00,130,103,1505400.00,100.0,101.0,3.0,201289.0,1304111.0
PG0252,Anapa,45.002101898193,37.347301483154,Moscow,55.972599,37.4146,Boeing 737-300,2.4,37860,118,89,1093000.00,12,11,402600.00,130,100,1495600.00,100.0,102.0,2.0,201289.0,1294311.0
PG0252,Anapa,45.002101898193,37.347301483154,Moscow,55.972599,37.4146,Boeing 737-300,2.4,37860,118,98,1200400.00,12,8,292800.00,130,106,1493200.00,100.0,102.0,4.0,201289.0,1291911.0
PG0252,Anapa,45.002101898193,37.347301483154,Moscow,55.972599,37.4146,Boeing 737-300,2.4,37860,118,101,1238200.00,12,6,219600.00,130,107,1457800.00,100.0,100.0,1.0,201289.0,1256511.0
PG0252,Anapa,45.002101898193,37.347301483154,Moscow,55.972599,37.4146,Boeing 737-300,2.4,37860,118,86,1052800.00,12,11,402600.00,130,97,1455400.00,100.0,100.0,3.0,201289.0,1254111.0
PG0252,Anapa,45.002101898193,37.347301483154,Moscow,55.972599,37.4146,Boeing 737-300,2.4,37860,118,97,1188200.00,12,7,256200.00,130,104,1444400.00,100.0,101.0,1.0,201289.0,1243111.0
PG0252,Anapa,45.002101898193,37.347301483154,Moscow,55.972599,37.4146,Boeing 737-300,2.4,37860,118,94,1150400.00,12,8,292800.00,130,102,1443200.00,100.0,100.0,5.0,201289.0,1241911.0
PG0252,Anapa,45.002101898193,37.347301483154,Moscow,55.972599,37.4146,Boeing 737-300,2.4,37860,118,90,1105200.00,12,9,329400.00,130,99,1434600.00,100.0,99.0,5.0,201289.0,1233311.0
PG0252,Anapa,45.002101898193,37.347301483154,Moscow,55.972599,37.4146,Boeing 737-300,2.4,37860,118,87,1065000.00,12,10,366000.00,130,97,1431000.00,100.0,100.0,3.0,201289.0,1229711.0
PG0252,Anapa,45.002101898193,37.347301483154,Moscow,55.972599,37.4146,Boeing 737-300,2.4,37860,118,91,1115000.00,12,8,292800.00,130,99,1407800.00,100.0,101.0,1.0,201289.0,1206511.0
PG0252,Anapa,45.002101898193,37.347301483154,Moscow,55.972599,37.4146,Boeing 737-300,2.4,37860,118,88,1078400.00,12,9,329400.00,130,97,1407800.00,100.0,100.0,2.0,201289.0,1206511.0
PG0252,Anapa,45.002101898193,37.347301483154,Moscow,55.972599,37.4146,Boeing 737-300,2.4,37860,118,82,1005200.00,12,11,402600.00,130,93,1407800.00,100.0,98.0,3.0,201289.0,1206511.0
PG0252,Anapa,45.002101898193,37.347301483154,Moscow,55.972599,37.4146,Boeing 737-300,2.4,37860,118,93,1141800.00,12,7,256200.00,130,100,1398000.00,100.0,100.0,2.0,201289.0,1196711.0
PG0252,Anapa,45.002101898193,37.347301483154,Moscow,55.972599,37.4146,Boeing 737-300,2.4,37860,118,82,1006400.00,12,10,366000.00,130,92,1372400.00,100.0,100.0,5.0,201289.0,1171111.0
PG0480,Anapa,45.002101898193,37.347301483154,Belgorod,50.643798828125,36.5900993347168,Sukhoi Superjet-100,1.7,37860,85,85,538500.00,12,12,226800.00,97,97,765300.00,50.0,51.0,1.0,76351.00000000001,688949.0
PG0480,Anapa,45.002101898193,37.347301483154,Belgorod,50.643798828125,36.5900993347168,Sukhoi Superjet-100,1.7,37860,85,85,538500.00,12,12,226800.00,97,97,765300.00,50.0,50.0,1.0,76351.00000000001,688949.0
PG0480,Anapa,45.002101898193,37.347301483154,Belgorod,50.643798828125,36.5900993347168,Sukhoi Superjet-100,1.7,37860,85,85,538500.00,12,12,226800.00,97,97,765300.00,50.0,51.0,3.0,76351.00000000001,688949.0
PG0480,Anapa,45.002101898193,37.347301483154,Belgorod,50.643798828125,36.5900993347168,Sukhoi Superjet-100,1.7,37860,85,85,538500.00,12,12,226800.00,97,97,765300.00,50.0,50.0,1.0,76351.00000000001,688949.0
PG0480,Anapa,45.002101898193,37.347301483154,Belgorod,50.643798828125,36.5900993347168,Sukhoi Superjet-100,1.7,37860,85,85,538500.00,12,12,226800.00,97,97,765300.00,50.0,50.0,2.0,76351.00000000001,688949.0
PG0480,Anapa,45.002101898193,37.347301483154,Belgorod,50.643798828125,36.5900993347168,Sukhoi Superjet-100,1.7,37860,85,85,538500.00,12,12,226800.00,97,97,765300.00,50.0,50.0,5.0,76351.00000000001,688949.0
PG0480,Anapa,45.002101898193,37.347301483154,Belgorod,50.643798828125,36.5900993347168,Sukhoi Superjet-100,1.7,37860,85,85,538500.00,12,12,226800.00,97,97,765300.00,50.0,49.0,5.0,76351.00000000001,688949.0
PG0480,Anapa,45.002101898193,37.347301483154,Belgorod,50.643798828125,36.5900993347168,Sukhoi Superjet-100,1.7,37860,85,85,538500.00,12,12,226800.00,97,97,765300.00,50.0,49.0,1.0,76351.00000000001,688949.0
PG0480,Anapa,45.002101898193,37.347301483154,Belgorod,50.643798828125,36.5900993347168,Sukhoi Superjet-100,1.7,37860,85,85,538500.00,12,12,226800.00,97,97,765300.00,50.0,50.0,2.0,76351.00000000001,688949.0
PG0480,Anapa,45.002101898193,37.347301483154,Belgorod,50.643798828125,36.5900993347168,Sukhoi Superjet-100,1.7,37860,85,85,538500.00,12,12,226800.00,97,97,765300.00,50.0,50.0,1.0,76351.00000000001,688949.0
PG0480,Anapa,45.002101898193,37.347301483154,Belgorod,50.643798828125,36.5900993347168,Sukhoi Superjet-100,1.7,37860,85,85,538500.00,12,12,226800.00,97,97,765300.00,50.0,51.0,3.0,76351.00000000001,688949.0
PG0480,Anapa,45.002101898193,37.347301483154,Belgorod,50.643798828125,36.5900993347168,Sukhoi Superjet-100,1.7,37860,85,85,538500.00,12,12,226800.00,97,97,765300.00,50.0,50.0,6.0,76351.00000000001,688949.0
PG0480,Anapa,45.002101898193,37.347301483154,Belgorod,50.643798828125,36.5900993347168,Sukhoi Superjet-100,1.7,37860,85,85,538500.00,12,12,226800.00,97,97,765300.00,50.0,50.0,3.0,76351.00000000001,688949.0
PG0480,Anapa,45.002101898193,37.347301483154,Belgorod,50.643798828125,36.5900993347168,Sukhoi Superjet-100,1.7,37860,85,85,538500.00,12,12,226800.00,97,97,765300.00,50.0,51.0,1.0,76351.00000000001,688949.0
PG0480,Anapa,45.002101898193,37.347301483154,Belgorod,50.643798828125,36.5900993347168,Sukhoi Superjet-100,1.7,37860,85,85,538500.00,12,12,226800.00,97,97,765300.00,50.0,51.0,0.0,76351.00000000001,688949.0
PG0480,Anapa,45.002101898193,37.347301483154,Belgorod,50.643798828125,36.5900993347168,Sukhoi Superjet-100,1.7,37860,85,85,538500.00,12,12,226800.00,97,97,765300.00,50.0,50.0,6.0,76351.00000000001,688949.0
PG0480,Anapa,45.002101898193,37.347301483154,Belgorod,50.643798828125,36.5900993347168,Sukhoi Superjet-100,1.7,37860,85,85,538500.00,12,12,226800.00,97,97,765300.00,50.0,50.0,1.0,76351.00000000001,688949.0
PG0480,Anapa,45.002101898193,37.347301483154,Belgorod,50.643798828125,36.5900993347168,Sukhoi Superjet-100,1.7,37860,85,85,538500.00,12,12,226800.00,97,97,765300.00,50.0,50.0,3.0,76351.00000000001,688949.0
PG0480,Anapa,45.002101898193,37.347301483154,Belgorod,50.643798828125,36.5900993347168,Sukhoi Superjet-100,1.7,37860,85,85,538500.00,12,12,226800.00,97,97,765300.00,50.0,50.0,1.0,76351.00000000001,688949.0
PG0480,Anapa,45.002101898193,37.347301483154,Belgorod,50.643798828125,36.5900993347168,Sukhoi Superjet-100,1.7,37860,85,85,538500.00,12,12,226800.00,97,97,765300.00,50.0,50.0,4.0,76351.00000000001,688949.0
PG0480,Anapa,45.002101898193,37.347301483154,Belgorod,50.643798828125,36.5900993347168,Sukhoi Superjet-100,1.7,37860,85,85,538500.00,12,12,226800.00,97,97,765300.00,50.0,51.0,5.0,76351.00000000001,688949.0
PG0480,Anapa,45.002101898193,37.347301483154,Belgorod,50.643798828125,36.5900993347168,Sukhoi Superjet-100,1.7,37860,85,85,538500.00,12,12,226800.00,97,97,765300.00,50.0,51.0,3.0,76351.00000000001,688949.0
PG0480,Anapa,45.002101898193,37.347301483154,Belgorod,50.643798828125,36.5900993347168,Sukhoi Superjet-100,1.7,37860,85,85,538500.00,12,12,226800.00,97,97,765300.00,50.0,50.0,2.0,76351.00000000001,688949.0
PG0480,Anapa,45.002101898193,37.347301483154,Belgorod,50.643798828125,36.5900993347168,Sukhoi Superjet-100,1.7,37860,85,84,532200.00,12,12,226800.00,97,96,759000.00,50.0,51.0,1.0,76351.00000000001,682649.0
PG0480,Anapa,45.002101898193,37.347301483154,Belgorod,50.643798828125,36.5900993347168,Sukhoi Superjet-100,1.7,37860,85,84,532200.00,12,12,226800.00,97,96,759000.00,50.0,49.0,2.0,76351.00000000001,682649.0
PG0480,Anapa,45.002101898193,37.347301483154,Belgorod,50.643798828125,36.5900993347168,Sukhoi Superjet-100,1.7,37860,85,84,532200.00,12,12,226800.00,97,96,759000.00,50.0,50.0,1.0,76351.00000000001,682649.0
PG0480,Anapa,45.002101898193,37.347301483154,Belgorod,50.643798828125,36.5900993347168,Sukhoi Superjet-100,1.7,37860,85,84,532200.00,12,12,226800.00,97,96,759000.00,50.0,50.0,3.0,76351.00000000001,682649.0
PG0480,Anapa,45.002101898193,37.347301483154,Belgorod,50.643798828125,36.5900993347168,Sukhoi Superjet-100,1.7,37860,85,84,532200.00,12,12,226800.00,97,96,759000.00,50.0,50.0,2.0,76351.00000000001,682649.0
PG0480,Anapa,45.002101898193,37.347301483154,Belgorod,50.643798828125,36.5900993347168,Sukhoi Superjet-100,1.7,37860,85,84,532200.00,12,12,226800.00,97,96,759000.00,50.0,49.0,3.0,76351.00000000001,682649.0
PG0480,Anapa,45.002101898193,37.347301483154,Belgorod,50.643798828125,36.5900993347168,Sukhoi Superjet-100,1.7,37860,85,84,532200.00,12,12,226800.00,97,96,759000.00,50.0,50.0,0.0,76351.00000000001,682649.0
PG0480,Anapa,45.002101898193,37.347301483154,Belgorod,50.643798828125,36.5900993347168,Sukhoi Superjet-100,1.7,37860,85,84,532200.00,12,12,226800.00,97,96,759000.00,50.0,50.0,3.0,76351.00000000001,682649.0
PG0480,Anapa,45.002101898193,37.347301483154,Belgorod,50.643798828125,36.5900993347168,Sukhoi Superjet-100,1.7,37860,85,84,532200.00,12,12,226800.00,97,96,759000.00,50.0,50.0,4.0,76351.00000000001,682649.0
PG0480,Anapa,45.002101898193,37.347301483154,Belgorod,50.643798828125,36.5900993347168,Sukhoi Superjet-100,1.7,37860,85,84,532200.00,12,12,226800.00,97,96,759000.00,50.0,51.0,6.0,76351.00000000001,682649.0
PG0480,Anapa,45.002101898193,37.347301483154,Belgorod,50.643798828125,36.5900993347168,Sukhoi Superjet-100,1.7,37860,85,83,525900.00,12,12,226800.00,97,95,752700.00,50.0,50.0,4.0,76351.00000000001,676349.0
PG0480,Anapa,45.002101898193,37.347301483154,Belgorod,50.643798828125,36.5900993347168,Sukhoi Superjet-100,1.7,37860,85,83,525900.00,12,12,226800.00,97,95,752700.00,50.0,51.0,1.0,76351.00000000001,676349.0
PG0480,Anapa,45.002101898193,37.347301483154,Belgorod,50.643798828125,36.5900993347168,Sukhoi Superjet-100,1.7,37860,85,83,525900.00,12,12,226800.00,97,95,752700.00,50.0,50.0,3.0,76351.00000000001,676349.0
PG0480,Anapa,45.002101898193,37.347301483154,Belgorod,50.643798828125,36.5900993347168,Sukhoi Superjet-100,1.7,37860,85,82,519600.00,12,12,226800.00,97,94,746400.00,50.0,50.0,2.0,76351.00000000001,670049.0
PG0480,Anapa,45.002101898193,37.347301483154,Belgorod,50.643798828125,36.5900993347168,Sukhoi Superjet-100,1.7,37860,85,82,519600.00,12,12,226800.00,97,94,746400.00,50.0,49.0,5.0,76351.00000000001,670049.0
PG0480,Anapa,45.002101898193,37.347301483154,Belgorod,50.643798828125,36.5900993347168,Sukhoi Superjet-100,1.7,37860,85,82,519600.00,12,12,226800.00,97,94,746400.00,50.0,51.0,2.0,76351.00000000001,670049.0
PG0480,Anapa,45.002101898193,37.347301483154,Belgorod,50.643798828125,36.5900993347168,Sukhoi Superjet-100,1.7,37860,85,85,538500.00,12,11,207900.00,97,96,746400.00,50.0,50.0,7.0,76351.00000000001,670049.0
PG0480,Anapa,45.002101898193,37.347301483154,Belgorod,50.643798828125,36.5900993347168,Sukhoi Superjet-100,1.7,37860,85,85,538500.00,12,11,207900.00,97,96,746400.00,50.0,50.0,3.0,76351.00000000001,670049.0
PG0480,Anapa,45.002101898193,37.347301483154,Belgorod,50.643798828125,36.5900993347168,Sukhoi Superjet-100,1.7,37860,85,85,538500.00,12,11,207900.00,97,96,746400.00,50.0,50.0,8.0,76351.00000000001,670049.0
PG0480,Anapa,45.002101898193,37.347301483154,Belgorod,50.643798828125,36.5900993347168,Sukhoi Superjet-100,1.7,37860,85,82,519600.00,12,12,226800.00,97,94,746400.00,50.0,50.0,7.0,76351.00000000001,670049.0
PG0480,Anapa,45.002101898193,37.347301483154,Belgorod,50.643798828125,36.5900993347168,Sukhoi Superjet-100,1.7,37860,85,84,532200.00,12,11,207900.00,97,95,740100.00,50.0,50.0,5.0,76351.00000000001,663749.0
PG0480,Anapa,45.002101898193,37.347301483154,Belgorod,50.643798828125,36.5900993347168,Sukhoi Superjet-100,1.7,37860,85,81,513300.00,12,12,226800.00,97,93,740100.00,50.0,50.0,2.0,76351.00000000001,663749.0
PG0480,Anapa,45.002101898193,37.347301483154,Belgorod,50.643798828125,36.5900993347168,Sukhoi Superjet-100,1.7,37860,85,80,507000.00,12,12,226800.00,97,92,733800.00,50.0,50.0,9.0,76351.00000000001,657449.0
PG0480,Anapa,45.002101898193,37.347301483154,Belgorod,50.643798828125,36.5900993347168,Sukhoi Superjet-100,1.7,37860,85,83,525900.00,12,11,207900.00,97,94,733800.00,50.0,50.0,3.0,76351.00000000001,657449.0
PG0480,Anapa,45.002101898193,37.347301483154,Belgorod,50.643798828125,36.5900993347168,Sukhoi Superjet-100,1.7,37860,85,83,525900.00,12,11,207900.00,97,94,733800.00,50.0,50.0,3.0,76351.00000000001,657449.0
PG0480,Anapa,45.002101898193,37.347301483154,Belgorod,50.643798828125,36.5900993347168,Sukhoi Superjet-100,1.7,37860,85,78,494400.00,12,12,226800.00,97,90,721200.00,50.0,50.0,1.0,76351.00000000001,644849.0
PG0480,Anapa,45.002101898193,37.347301483154,Belgorod,50.643798828125,36.5900993347168,Sukhoi Superjet-100,1.7,37860,85,78,494400.00,12,12,226800.00,97,90,721200.00,50.0,49.0,4.0,76351.00000000001,644849.0
PG0480,Anapa,45.002101898193,37.347301483154,Belgorod,50.643798828125,36.5900993347168,Sukhoi Superjet-100,1.7,37860,85,78,494400.00,12,12,226800.00,97,90,721200.00,50.0,50.0,1.0,76351.00000000001,644849.0
PG0480,Anapa,45.002101898193,37.347301483154,Belgorod,50.643798828125,36.5900993347168,Sukhoi Superjet-100,1.7,37860,85,78,493800.00,12,12,226800.00,97,90,720600.00,50.0,49.0,3.0,76351.00000000001,644249.0
PG0480,Anapa,45.002101898193,37.347301483154,Belgorod,50.643798828125,36.5900993347168,Sukhoi Superjet-100,1.7,37860,85,77,488100.00,12,12,226800.00,97,89,714900.00,50.0,50.0,5.0,76351.00000000001,638549.0
PG0480,Anapa,45.002101898193,37.347301483154,Belgorod,50.643798828125,36.5900993347168,Sukhoi Superjet-100,1.7,37860,85,80,506400.00,12,11,207900.00,97,91,714300.00,50.0,51.0,197.0,76351.00000000001,637949.0
PG0480,Anapa,45.002101898193,37.347301483154,Belgorod,50.643798828125,36.5900993347168,Sukhoi Superjet-100,1.7,37860,85,75,475500.00,12,12,226800.00,97,87,702300.00,50.0,50.0,162.0,76351.00000000001,625949.0
PG0480,Anapa,45.002101898193,37.347301483154,Belgorod,50.643798828125,36.5900993347168,Sukhoi Superjet-100,1.7,37860,85,78,493800.00,12,11,207900.00,97,89,701700.00,50.0,50.0,2.0,76351.00000000001,625349.0
PG0480,Anapa,45.002101898193,37.347301483154,Belgorod,50.643798828125,36.5900993347168,Sukhoi Superjet-100,1.7,37860,85,77,488100.00,12,11,207900.00,97,88,696000.00,50.0,51.0,5.0,76351.00000000001,619649.0
PG0480,Anapa,45.002101898193,37.347301483154,Belgorod,50.643798828125,36.5900993347168,Sukhoi Superjet-100,1.7,37860,85,83,525900.00,12,9,170100.00,97,92,696000.00,50.0,49.0,5.0,76351.00000000001,619649.0
PG0480,Anapa,45.002101898193,37.347301483154,Belgorod,50.643798828125,36.5900993347168,Sukhoi Superjet-100,1.7,37860,85,77,487500.00,12,11,207900.00,97,88,695400.00,50.0,50.0,4.0,76351.00000000001,619049.0
PG0480,Anapa,45.002101898193,37.347301483154,Belgorod,50.643798828125,36.5900993347168,Sukhoi Superjet-100,1.7,37860,85,80,506400.00,12,10,189000.00,97,90,695400.00,50.0,49.0,5.0,76351.00000000001,619049.0
PG0480,Anapa,45.002101898193,37.347301483154,Belgorod,50.643798828125,36.5900993347168,Sukhoi Superjet-100,1.7,37860,85,77,487500.00,12,11,207900.00,97,88,695400.00,50.0,50.0,4.0,76351.00000000001,619049.0
PG0480,Anapa,45.002101898193,37.347301483154,Belgorod,50.643798828125,36.5900993347168,Sukhoi Superjet-100,1.7,37860,85,76,481800.00,12,11,207900.00,97,87,689700.00,50.0,50.0,3.0,76351.00000000001,613349.0
PG0480,Anapa,45.002101898193,37.347301483154,Belgorod,50.643798828125,36.5900993347168,Sukhoi Superjet-100,1.7,37860,85,76,481800.00,12,11,207900.00,97,87,689700.00,50.0,49.0,0.0,76351.00000000001,613349.0
PG0480,Anapa,45.002101898193,37.347301483154,Belgorod,50.643798828125,36.5900993347168,Sukhoi Superjet-100,1.7,37860,85,76,481800.00,12,11,207900.00,97,87,689700.00,50.0,49.0,2.0,76351.00000000001,613349.0
PG0480,Anapa,45.002101898193,37.347301483154,Belgorod,50.643798828125,36.5900993347168,Sukhoi Superjet-100,1.7,37860,85,79,500700.00,12,10,189000.00,97,89,689700.00,50.0,50.0,5.0,76351.00000000001,613349.0
PG0480,Anapa,45.002101898193,37.347301483154,Belgorod,50.643798828125,36.5900993347168,Sukhoi Superjet-100,1.7,37860,85,76,481200.00,12,11,207900.00,97,87,689100.00,50.0,49.0,3.0,76351.00000000001,612749.0
PG0480,Anapa,45.002101898193,37.347301483154,Belgorod,50.643798828125,36.5900993347168,Sukhoi Superjet-100,1.7,37860,85,77,488100.00,12,10,189000.00,97,87,677100.00,50.0,49.0,1.0,76351.00000000001,600749.0
PG0480,Anapa,45.002101898193,37.347301483154,Belgorod,50.643798828125,36.5900993347168,Sukhoi Superjet-100,1.7,37860,85,80,507000.00,12,9,170100.00,97,89,677100.00,50.0,50.0,3.0,76351.00000000001,600749.0
PG0480,Anapa,45.002101898193,37.347301483154,Belgorod,50.643798828125,36.5900993347168,Sukhoi Superjet-100,1.7,37860,85,77,487500.00,12,10,189000.00,97,87,676500.00,50.0,50.0,220.0,76351.00000000001,600149.0
PG0480,Anapa,45.002101898193,37.347301483154,Belgorod,50.643798828125,36.5900993347168,Sukhoi Superjet-100,1.7,37860,85,73,462900.00,12,11,207900.00,97,84,670800.00,50.0,50.0,1.0,76351.00000000001,594449.0
PG0480,Anapa,45.002101898193,37.347301483154,Belgorod,50.643798828125,36.5900993347168,Sukhoi Superjet-100,1.7,37860,85,76,481200.00,12,10,189000.00,97,86,670200.00,50.0,51.0,5.0,76351.00000000001,593849.0
PG0480,Anapa,45.002101898193,37.347301483154,Belgorod,50.643798828125,36.5900993347168,Sukhoi Superjet-100,1.7,37860,85,78,494400.00,12,9,170100.00,97,87,664500.00,50.0,50.0,1.0,76351.00000000001,588149.0
PG0480,Anapa,45.002101898193,37.347301483154,Belgorod,50.643798828125,36.5900993347168,Sukhoi Superjet-100,1.7,37860,85,71,449100.00,12,11,207900.00,97,82,657000.00,50.0,49.0,1.0,76351.00000000001,580649.0
PG0480,Anapa,45.002101898193,37.347301483154,Belgorod,50.643798828125,36.5900993347168,Sukhoi Superjet-100,1.7,37860,85,73,462300.00,12,10,189000.00,97,83,651300.00,50.0,51.0,2.0,76351.00000000001,574949.0
PG0480,Anapa,45.002101898193,37.347301483154,Belgorod,50.643798828125,36.5900993347168,Sukhoi Superjet-100,1.7,37860,85,72,456000.00,12,10,189000.00,97,82,645000.00,50.0,51.0,2.0,76351.00000000001,568649.0
PG0480,Anapa,45.002101898193,37.347301483154,Belgorod,50.643798828125,36.5900993347168,Sukhoi Superjet-100,1.7,37860,85,71,450300.00,12,10,189000.00,97,81,639300.00,50.0,50.0,3.0,76351.00000000001,562949.0
PG0480,Anapa,45.002101898193,37.347301483154,Belgorod,50.643798828125,36.5900993347168,Sukhoi Superjet-100,1.7,37860,85,73,462900.00,12,9,170100.00,97,82,633000.00,50.0,51.0,4.0,76351.00000000001,556649.0
PG0480,Anapa,45.002101898193,37.347301483154,Belgorod,50.643798828125,36.5900993347168,Sukhoi Superjet-100,1.7,37860,85,67,424500.00,12,11,207900.00,97,78,632400.00,50.0,50.0,5.0,76351.00000000001,556049.0
PG0480,Anapa,45.002101898193,37.347301483154,Belgorod,50.643798828125,36.5900993347168,Sukhoi Superjet-100,1.7,37860,85,73,462300.00,12,9,170100.00,97,82,632400.00,50.0,50.0,3.0,76351.00000000001,556049.0
PG0480,Anapa,45.002101898193,37.347301483154,Belgorod,50.643798828125,36.5900993347168,Sukhoi Superjet-100,1.7,37860,85,73,461700.00,12,9,170100.00,97,82,631800.00,50.0,50.0,0.0,76351.00000000001,555449.0
PG0480,Anapa,45.002101898193,37.347301483154,Belgorod,50.643798828125,36.5900993347168,Sukhoi Superjet-100,1.7,37860,85,70,442200.00,12,10,189000.00,97,80,631200.00,50.0,50.0,2.0,76351.00000000001,554849.0
PG0480,Anapa,45.002101898193,37.347301483154,Belgorod,50.643798828125,36.5900993347168,Sukhoi Superjet-100,1.7,37860,85,69,437100.00,12,10,189000.00,97,79,626100.00,50.0,50.0,4.0,76351.00000000001,549749.0
PG0480,Anapa,45.002101898193,37.347301483154,Belgorod,50.643798828125,36.5900993347168,Sukhoi Superjet-100,1.7,37860,85,72,456000.00,12,9,170100.00,97,81,626100.00,50.0,50.0,4.0,76351.00000000001,549749.0
PG0480,Anapa,45.002101898193,37.347301483154,Belgorod,50.643798828125,36.5900993347168,Sukhoi Superjet-100,1.7,37860,85,68,431400.00,12,10,189000.00,97,78,620400.00,50.0,51.0,2.0,76351.00000000001,544049.0
PG0480,Anapa,45.002101898193,37.347301483154,Belgorod,50.643798828125,36.5900993347168,Sukhoi Superjet-100,1.7,37860,85,70,443400.00,12,9,170100.00,97,79,613500.00,50.0,49.0,5.0,76351.00000000001,537149.0
PG0480,Anapa,45.002101898193,37.347301483154,Belgorod,50.643798828125,36.5900993347168,Sukhoi Superjet-100,1.7,37860,85,66,418800.00,12,10,189000.00,97,76,607800.00,50.0,50.0,2.0,76351.00000000001,531449.0
PG0480,Anapa,45.002101898193,37.347301483154,Belgorod,50.643798828125,36.5900993347168,Sukhoi Superjet-100,1.7,37860,85,70,444000.00,12,8,151200.00,97,78,595200.00,50.0,49.0,5.0,76351.00000000001,518849.0
PG0480,Anapa,45.002101898193,37.347301483154,Belgorod,50.643798828125,36.5900993347168,Sukhoi Superjet-100,1.7,37860,85,73,461700.00,12,6,113400.00,97,79,575100.00,50.0,50.0,1.0,76351.00000000001,498749.0
PG0480,Anapa,45.002101898193,37.347301483154,Belgorod,50.643798828125,36.5900993347168,Sukhoi Superjet-100,1.7,37860,85,60,379800.00,12,8,151200.00,97,68,531000.00,50.0,50.0,3.0,76351.00000000001,454649.0
PG0480,Anapa,45.002101898193,37.347301483154,Belgorod,50.643798828125,36.5900993347168,Sukhoi Superjet-100,1.7,37860,85,54,342000.00,12,10,189000.00,97,64,531000.00,50.0,49.0,3.0,76351.00000000001,454649.0
